Workbook

Sheet Read Me
A1: Night Shift Gift Co. — Master Bundles (same layout as bounty_MASTER_bundles)
A3: Packaging: white box + white fill for mom, baby, shower and couples baskets. Black box + black fill for the dad baskets (NS-006, NS-007, NS-008).
A5: Tabs
A6: Night Shift Master Bundles — one row per component per basket. Unit cost pulls from New Components when blank.
A7: SumTracker Upload — Parent sku, component_sku, quantity. Upload once every NEW / Confirm SKU item exists in SumTracker.
A8: New Components — SKUs to create or confirm. Fill the yellow Unit Cost column; costs flow into every basket.
A9: Price Worksheet — cost roll-up per basket. Fill the yellow Target Margin and Your Price cells.
A10: Open Flags — decisions needed before upload.
A12: Colors: yellow = you fill in. Blue = hardcoded cost (Bounty master sheet, BroBasket cost sheet, or Shopify variant cost). Black = formula.
A13: Generated from catalog/recipes.json by catalog/build_bundles.py.

Sheet Night Shift Master Bundles
A1: Parent Name | B1: Parent sku | C1: Variant | D1: Packaging | E1: Component Name | F1: component_sku | G1: quantity | H1: Unit Cost ($) | I1: Line Total ($) | J1: Status
A2: Midnight Toast — Push Present Gift Set | B2: NS-001 | C2: Booze-free | D2: white small | E2: Fre Sparkling Brut Alcohol Removed | F2: AL-302 | G2: 1 | H2: 9 | I2: =IF(H2="","",G2*H2) -> 9 | J2: Existing
A3: Midnight Toast — Push Present Gift Set | B3: NS-001 | C3: Booze-free | D3: white small | E3: Champagne flute (engravable) | F3: ACC-NS-FLUTE | G3: 1 | H3: =IFERROR(IF(INDEX('New Components'!$E$2:$E$20,MATCH(F3,'New Components'!$A$2:$A$20,0))="","",INDEX('New Components'!$E$2:$E$20,MATCH(F3,'New Components'!$A$2:$A$20,0))),"") | I3: =IF(H3="","",G3*H3) | J3: NEW - create SKU
A4: Midnight Toast — Push Present Gift Set | B4: NS-001 | C4: Booze-free | D4: white small | E4: Ghirardelli Dark Chocolate Bars | F4: FD-041 | G4: 1 | H4: 3 | I4: =IF(H4="","",G4*H4) -> 3 | J4: Existing
A5: Midnight Toast — Push Present Gift Set | B5: NS-001 | C5: Booze-free | D5: white small | E5: Silk sleep mask | F5: ACC-NS-MASK | G5: 1 | H5: =IFERROR(IF(INDEX('New Components'!$E$2:$E$20,MATCH(F5,'New Components'!$A$2:$A$20,0))="","",INDEX('New Components'!$E$2:$E$20,MATCH(F5,'New Components'!$A$2:$A$20,0))),"") | I5: =IF(H5="","",G5*H5) | J5: NEW - create SKU
A6: Midnight Toast — Push Present Gift Set | B6: NS-001 | C6: Booze-free | D6: white small | E6: The Stroller Saver - Stroller Safety Leash | F6: SA-003 | G6: 1 | H6: 4 | I6: =IF(H6="","",G6*H6) -> 4 | J6: Lil & Mil
A7: Midnight Toast — Push Present Gift Set | B7: NS-001 | C7: Booze-free | D7: white small | E7: White Bounty Basket Box | F7: PKG-100 | G7: 1 | H7: 4.58 | I7: =IF(H7="","",G7*H7) -> 4.58 | J7: Existing
A8: Midnight Toast — Push Present Gift Set | B8: NS-001 | C8: Booze-free | D8: white small | E8: Krinkle Cut Fill | F8: PKG-059 | G8: 1 | H8: 0.5 | I8: =IF(H8="","",G8*H8) -> 0.5 | J8: Existing
A9: Midnight Toast — Push Present Gift Set | B9: NS-001 | C9: Booze-free | D9: white small | E9: Small Backer Board | F9: PKG-005 | G9: 1 | H9: 0.25 | I9: =IF(H9="","",G9*H9) -> 0.25 | J9: Existing
A10: Midnight Toast — Push Present Gift Set | B10: NS-001 | C10: Booze-free | D10: white small | E10: Small Shrink Wrap Bags | F10: PKG-073 | G10: 1 | H10: 0.33 | I10: =IF(H10="","",G10*H10) -> 0.33 | J10: Existing
A11: Midnight Toast — Push Present Gift Set | B11: NS-001-ALC | C11: With sparkling wine | D11: white small | E11: Champagne flute (engravable) | F11: ACC-NS-FLUTE | G11: 1 | H11: =IFERROR(IF(INDEX('New Components'!$E$2:$E$20,MATCH(F11,'New Components'!$A$2:$A$20,0))="","",INDEX('New Components'!$E$2:$E$20,MATCH(F11,'New Components'!$A$2:$A$20,0))),"") | I11: =IF(H11="","",G11*H11) | J11: NEW - create SKU
A12: Midnight Toast — Push Present Gift Set | B12: NS-001-ALC | C12: With sparkling wine | D12: white small | E12: Ghirardelli Dark Chocolate Bars | F12: FD-041 | G12: 1 | H12: 3 | I12: =IF(H12="","",G12*H12) -> 3 | J12: Existing
A13: Midnight Toast — Push Present Gift Set | B13: NS-001-ALC | C13: With sparkling wine | D13: white small | E13: Silk sleep mask | F13: ACC-NS-MASK | G13: 1 | H13: =IFERROR(IF(INDEX('New Components'!$E$2:$E$20,MATCH(F13,'New Components'!$A$2:$A$20,0))="","",INDEX('New Components'!$E$2:$E$20,MATCH(F13,'New Components'!$A$2:$A$20,0))),"") | I13: =IF(H13="","",G13*H13) | J13: NEW - create SKU
A14: Midnight Toast — Push Present Gift Set | B14: NS-001-ALC | C14: With sparkling wine | D14: white small | E14: The Stroller Saver - Stroller Safety Leash | F14: SA-003 | G14: 1 | H14: 4 | I14: =IF(H14="","",G14*H14) -> 4 | J14: Lil & Mil
A15: Midnight Toast — Push Present Gift Set | B15: NS-001-ALC | C15: With sparkling wine | D15: white small | E15: Mumm Sparkling Brut Prestige 750ml | F15: WINE-013 | G15: 1 | H15: 16.78 | I15: =IF(H15="","",G15*H15) -> 16.78 | J15: Existing
A16: Midnight Toast — Push Present Gift Set | B16: NS-001-ALC | C16: With sparkling wine | D16: white small | E16: White Bounty Basket Box | F16: PKG-100 | G16: 1 | H16: 4.58 | I16: =IF(H16="","",G16*H16) -> 4.58 | J16: Existing
A17: Midnight Toast — Push Present Gift Set | B17: NS-001-ALC | C17: With sparkling wine | D17: white small | E17: Krinkle Cut Fill | F17: PKG-059 | G17: 1 | H17: 0.5 | I17: =IF(H17="","",G17*H17) -> 0.5 | J17: Existing
A18: Midnight Toast — Push Present Gift Set | B18: NS-001-ALC | C18: With sparkling wine | D18: white small | E18: Small Backer Board | F18: PKG-005 | G18: 1 | H18: 0.25 | I18: =IF(H18="","",G18*H18) -> 0.25 | J18: Existing
A19: Midnight Toast — Push Present Gift Set | B19: NS-001-ALC | C19: With sparkling wine | D19: white small | E19: Small Shrink Wrap Bags | F19: PKG-073 | G19: 1 | H19: 0.33 | I19: =IF(H19="","",G19*H19) -> 0.33 | J19: Existing
A20: Off the Clock — Gifts for New Moms (Not for the Baby) | B20: NS-002 | C20: Booze-free | D20: white small | E20: Flower Market Rose Bath Bomb | F20: ACC-201 | G20: 1 | H20: 4 | I20: =IF(H20="","",G20*H20) -> 4 | J20: Existing
A21: Off the Clock — Gifts for New Moms (Not for the Baby) | B21: NS-002 | C21: Booze-free | D21: white small | E21: Biodance Bio-Collagen Facemask | F21: ACC-203 | G21: 1 | H21: 2.5 | I21: =IF(H21="","",G21*H21) -> 2.5 | J21: Existing
A22: Off the Clock — Gifts for New Moms (Not for the Baby) | B22: NS-002 | C22: Booze-free | D22: white small | E22: Ferrero Rocher 3pc | F22: FD-034 | G22: 2 | H22: 1.42 | I22: =IF(H22="","",G22*H22) -> 2.84 | J22: Existing
A23: Off the Clock — Gifts for New Moms (Not for the Baby) | B23: NS-002 | C23: Booze-free | D23: white small | E23: Cozy socks | F23: ACC-NS-SOCKS | G23: 1 | H23: =IFERROR(IF(INDEX('New Components'!$E$2:$E$20,MATCH(F23,'New Components'!$A$2:$A$20,0))="","",INDEX('New Components'!$E$2:$E$20,MATCH(F23,'New Components'!$A$2:$A$20,0))),"") | I23: =IF(H23="","",G23*H23) | J23: NEW - create SKU
A24: Off the Clock — Gifts for New Moms (Not for the Baby) | B24: NS-002 | C24: Booze-free | D24: white small | E24: Soy Wax Candle — Lavender Fields | F24: ACC-SPA-04 | G24: 1 | H24: 6 | I24: =IF(H24="","",G24*H24) -> 6 | J24: Existing
A25: Off the Clock — Gifts for New Moms (Not for the Baby) | B25: NS-002 | C25: Booze-free | D25: white small | E25: The Stroller Saver - Stroller Safety Leash | F25: SA-003 | G25: 1 | H25: 4 | I25: =IF(H25="","",G25*H25) -> 4 | J25: Lil & Mil
A26: Off the Clock — Gifts for New Moms (Not for the Baby) | B26: NS-002 | C26: Booze-free | D26: white small | E26: White Bounty Basket Box | F26: PKG-100 | G26: 1 | H26: 4.58 | I26: =IF(H26="","",G26*H26) -> 4.58 | J26: Existing
A27: Off the Clock — Gifts for New Moms (Not for the Baby) | B27: NS-002 | C27: Booze-free | D27: white small | E27: Krinkle Cut Fill | F27: PKG-059 | G27: 1 | H27: 0.5 | I27: =IF(H27="","",G27*H27) -> 0.5 | J27: Existing
A28: Off the Clock — Gifts for New Moms (Not for the Baby) | B28: NS-002 | C28: Booze-free | D28: white small | E28: Small Backer Board | F28: PKG-005 | G28: 1 | H28: 0.25 | I28: =IF(H28="","",G28*H28) -> 0.25 | J28: Existing
A29: Off the Clock — Gifts for New Moms (Not for the Baby) | B29: NS-002 | C29: Booze-free | D29: white small | E29: Small Shrink Wrap Bags | F29: PKG-073 | G29: 1 | H29: 0.33 | I29: =IF(H29="","",G29*H29) -> 0.33 | J29: Existing
A30: Off the Clock — Gifts for New Moms (Not for the Baby) | B30: NS-002-ALC | C30: With wine | D30: white small | E30: Flower Market Rose Bath Bomb | F30: ACC-201 | G30: 1 | H30: 4 | I30: =IF(H30="","",G30*H30) -> 4 | J30: Existing
A31: Off the Clock — Gifts for New Moms (Not for the Baby) | B31: NS-002-ALC | C31: With wine | D31: white small | E31: Biodance Bio-Collagen Facemask | F31: ACC-203 | G31: 1 | H31: 2.5 | I31: =IF(H31="","",G31*H31) -> 2.5 | J31: Existing
A32: Off the Clock — Gifts for New Moms (Not for the Baby) | B32: NS-002-ALC | C32: With wine | D32: white small | E32: Ferrero Rocher 3pc | F32: FD-034 | G32: 2 | H32: 1.42 | I32: =IF(H32="","",G32*H32) -> 2.84 | J32: Existing
A33: Off the Clock — Gifts for New Moms (Not for the Baby) | B33: NS-002-ALC | C33: With wine | D33: white small | E33: Cozy socks | F33: ACC-NS-SOCKS | G33: 1 | H33: =IFERROR(IF(INDEX('New Components'!$E$2:$E$20,MATCH(F33,'New Components'!$A$2:$A$20,0))="","",INDEX('New Components'!$E$2:$E$20,MATCH(F33,'New Components'!$A$2:$A$20,0))),"") | I33: =IF(H33="","",G33*H33) | J33: NEW - create SKU
A34: Off the Clock — Gifts for New Moms (Not for the Baby) | B34: NS-002-ALC | C34: With wine | D34: white small | E34: Soy Wax Candle — Lavender Fields | F34: ACC-SPA-04 | G34: 1 | H34: 6 | I34: =IF(H34="","",G34*H34) -> 6 | J34: Existing
A35: Off the Clock — Gifts for New Moms (Not for the Baby) | B35: NS-002-ALC | C35: With wine | D35: white small | E35: The Stroller Saver - Stroller Safety Leash | F35: SA-003 | G35: 1 | H35: 4 | I35: =IF(H35="","",G35*H35) -> 4 | J35: Lil & Mil
A36: Off the Clock — Gifts for New Moms (Not for the Baby) | B36: NS-002-ALC | C36: With wine | D36: white small | E36: Seaglass Pinot Noir | F36: WINE-001 | G36: 1 | H36: 12.08 | I36: =IF(H36="","",G36*H36) -> 12.08 | J36: Existing
A37: Off the Clock — Gifts for New Moms (Not for the Baby) | B37: NS-002-ALC | C37: With wine | D37: white small | E37: White Bounty Basket Box | F37: PKG-100 | G37: 1 | H37: 4.58 | I37: =IF(H37="","",G37*H37) -> 4.58 | J37: Existing
A38: Off the Clock — Gifts for New Moms (Not for the Baby) | B38: NS-002-ALC | C38: With wine | D38: white small | E38: Krinkle Cut Fill | F38: PKG-059 | G38: 1 | H38: 0.5 | I38: =IF(H38="","",G38*H38) -> 0.5 | J38: Existing
A39: Off the Clock — Gifts for New Moms (Not for the Baby) | B39: NS-002-ALC | C39: With wine | D39: white small | E39: Small Backer Board | F39: PKG-005 | G39: 1 | H39: 0.25 | I39: =IF(H39="","",G39*H39) -> 0.25 | J39: Existing
A40: Off the Clock — Gifts for New Moms (Not for the Baby) | B40: NS-002-ALC | C40: With wine | D40: white small | E40: Small Shrink Wrap Bags | F40: PKG-073 | G40: 1 | H40: 0.33 | I40: =IF(H40="","",G40*H40) -> 0.33 | J40: Existing
A41: Recovery Shift — Postpartum Care Package | B41: NS-003 | C41: Default | D41: white large | E41: Soft throw or robe | F41: ACC-NS-ROBE | G41: 1 | H41: =IFERROR(IF(INDEX('New Components'!$E$2:$E$20,MATCH(F41,'New Components'!$A$2:$A$20,0))="","",INDEX('New Components'!$E$2:$E$20,MATCH(F41,'New Components'!$A$2:$A$20,0))),"") | I41: =IF(H41="","",G41*H41) | J41: NEW - create SKU
A42: Recovery Shift — Postpartum Care Package | B42: NS-003 | C42: Default | D42: white large | E42: Lip balm | F42: ACC-NS-LIPBALM | G42: 1 | H42: =IFERROR(IF(INDEX('New Components'!$E$2:$E$20,MATCH(F42,'New Components'!$A$2:$A$20,0))="","",INDEX('New Components'!$E$2:$E$20,MATCH(F42,'New Components'!$A$2:$A$20,0))),"") | I42: =IF(H42="","",G42*H42) | J42: NEW - create SKU
A43: Recovery Shift — Postpartum Care Package | B43: NS-003 | C43: Default | D43: white large | E43: Dry shampoo | F43: ACC-NS-DRYSHAMPOO | G43: 1 | H43: =IFERROR(IF(INDEX('New Components'!$E$2:$E$20,MATCH(F43,'New Components'!$A$2:$A$20,0))="","",INDEX('New Components'!$E$2:$E$20,MATCH(F43,'New Components'!$A$2:$A$20,0))),"") | I43: =IF(H43="","",G43*H43) | J43: NEW - create SKU
A44: Recovery Shift — Postpartum Care Package | B44: NS-003 | C44: Default | D44: white large | E44: Insulated tumbler | F44: ACC-NS-TUMBLER | G44: 1 | H44: =IFERROR(IF(INDEX('New Components'!$E$2:$E$20,MATCH(F44,'New Components'!$A$2:$A$20,0))="","",INDEX('New Components'!$E$2:$E$20,MATCH(F44,'New Components'!$A$2:$A$20,0))),"") | I44: =IF(H44="","",G44*H44) | J44: NEW - create SKU
A45: Recovery Shift — Postpartum Care Package | B45: NS-003 | C45: Default | D45: white large | E45: Marich Sea Salt Almonds | F45: FD-119 | G45: 1 | H45: 2.83 | I45: =IF(H45="","",G45*H45) -> 2.83 | J45: Existing
A46: Recovery Shift — Postpartum Care Package | B46: NS-003 | C46: Default | D46: white large | E46: Nonni's Almond Dark Chocolate Biscoti | F46: FD-071 | G46: 2 | H46: 0.54 | I46: =IF(H46="","",G46*H46) -> 1.08 | J46: Existing
A47: Recovery Shift — Postpartum Care Package | B47: NS-003 | C47: Default | D47: white large | E47: The Stroller Saver - Stroller Safety Leash | F47: SA-003 | G47: 1 | H47: 4 | I47: =IF(H47="","",G47*H47) -> 4 | J47: Lil & Mil
A48: Recovery Shift — Postpartum Care Package | B48: NS-003 | C48: Default | D48: white large | E48: White Bounty Basket Box | F48: PKG-100 | G48: 1 | H48: 4.58 | I48: =IF(H48="","",G48*H48) -> 4.58 | J48: Existing
A49: Recovery Shift — Postpartum Care Package | B49: NS-003 | C49: Default | D49: white large | E49: Krinkle Cut Fill | F49: PKG-059 | G49: 1 | H49: 0.5 | I49: =IF(H49="","",G49*H49) -> 0.5 | J49: Existing
A50: Recovery Shift — Postpartum Care Package | B50: NS-003 | C50: Default | D50: white large | E50: Large Backer Boards | F50: PKG-002 | G50: 1 | H50: 0.25 | I50: =IF(H50="","",G50*H50) -> 0.25 | J50: Existing
A51: Recovery Shift — Postpartum Care Package | B51: NS-003 | C51: Default | D51: white large | E51: medium Shrink Wrap Bags | F51: PKG-063 | G51: 1 | H51: 0.33 | I51: =IF(H51="","",G51*H51) -> 0.33 | J51: Existing
A52: The 3AM Feed — New Mom Gift Basket | B52: NS-004 | C52: Default | D52: white small | E52: Marich Sea Salt Almonds | F52: FD-119 | G52: 1 | H52: 2.83 | I52: =IF(H52="","",G52*H52) -> 2.83 | J52: Existing
A53: The 3AM Feed — New Mom Gift Basket | B53: NS-004 | C53: Default | D53: white small | E53: Popcornopolis Gourmet Flavored Popcorn | F53: FD-077 | G53: 1 | H53: 1.5 | I53: =IF(H53="","",G53*H53) -> 1.5 | J53: Existing
A54: The 3AM Feed — New Mom Gift Basket | B54: NS-004 | C54: Default | D54: white small | E54: Lactation cookies | F54: FD-NS-LACTATION | G54: 1 | H54: =IFERROR(IF(INDEX('New Components'!$E$2:$E$20,MATCH(F54,'New Components'!$A$2:$A$20,0))="","",INDEX('New Components'!$E$2:$E$20,MATCH(F54,'New Components'!$A$2:$A$20,0))),"") | I54: =IF(H54="","",G54*H54) | J54: NEW - create SKU
A55: The 3AM Feed — New Mom Gift Basket | B55: NS-004 | C55: Default | D55: white small | E55: Insulated tumbler | F55: ACC-NS-TUMBLER | G55: 1 | H55: =IFERROR(IF(INDEX('New Components'!$E$2:$E$20,MATCH(F55,'New Components'!$A$2:$A$20,0))="","",INDEX('New Components'!$E$2:$E$20,MATCH(F55,'New Components'!$A$2:$A$20,0))),"") | I55: =IF(H55="","",G55*H55) | J55: NEW - create SKU
A56: The 3AM Feed — New Mom Gift Basket | B56: NS-004 | C56: Default | D56: white small | E56: Portable night-light | F56: ACC-NS-NIGHTLIGHT | G56: 1 | H56: =IFERROR(IF(INDEX('New Components'!$E$2:$E$20,MATCH(F56,'New Components'!$A$2:$A$20,0))="","",INDEX('New Components'!$E$2:$E$20,MATCH(F56,'New Components'!$A$2:$A$20,0))),"") | I56: =IF(H56="","",G56*H56) | J56: NEW - create SKU
A57: The 3AM Feed — New Mom Gift Basket | B57: NS-004 | C57: Default | D57: white small | E57: Stroller Clips for Bags - 2 Pack | F57: SA-002 | G57: 1 | H57: 5 | I57: =IF(H57="","",G57*H57) -> 5 | J57: Lil & Mil
A58: The 3AM Feed — New Mom Gift Basket | B58: NS-004 | C58: Default | D58: white small | E58: White Bounty Basket Box | F58: PKG-100 | G58: 1 | H58: 4.58 | I58: =IF(H58="","",G58*H58) -> 4.58 | J58: Existing
A59: The 3AM Feed — New Mom Gift Basket | B59: NS-004 | C59: Default | D59: white small | E59: Krinkle Cut Fill | F59: PKG-059 | G59: 1 | H59: 0.5 | I59: =IF(H59="","",G59*H59) -> 0.5 | J59: Existing
A60: The 3AM Feed — New Mom Gift Basket | B60: NS-004 | C60: Default | D60: white small | E60: Small Backer Board | F60: PKG-005 | G60: 1 | H60: 0.25 | I60: =IF(H60="","",G60*H60) -> 0.25 | J60: Existing
A61: The 3AM Feed — New Mom Gift Basket | B61: NS-004 | C61: Default | D61: white small | E61: Small Shrink Wrap Bags | F61: PKG-073 | G61: 1 | H61: 0.33 | I61: =IF(H61="","",G61*H61) -> 0.33 | J61: Existing
A62: Before the Night Shift — Mom-to-Be Gift Box | B62: NS-005 | C62: Default | D62: white large | E62: Belly butter | F62: ACC-NS-BELLYBUTTER | G62: 1 | H62: =IFERROR(IF(INDEX('New Components'!$E$2:$E$20,MATCH(F62,'New Components'!$A$2:$A$20,0))="","",INDEX('New Components'!$E$2:$E$20,MATCH(F62,'New Components'!$A$2:$A$20,0))),"") | I62: =IF(H62="","",G62*H62) | J62: NEW - create SKU
A63: Before the Night Shift — Mom-to-Be Gift Box | B63: NS-005 | C63: Default | D63: white large | E63: Biodance Bio-Collagen Facemask | F63: ACC-203 | G63: 1 | H63: 2.5 | I63: =IF(H63="","",G63*H63) -> 2.5 | J63: Existing
A64: Before the Night Shift — Mom-to-Be Gift Box | B64: NS-005 | C64: Default | D64: white large | E64: Zero-proof mocktail kit | F64: MXR-NS-MOCKTAIL | G64: 1 | H64: =IFERROR(IF(INDEX('New Components'!$E$2:$E$20,MATCH(F64,'New Components'!$A$2:$A$20,0))="","",INDEX('New Components'!$E$2:$E$20,MATCH(F64,'New Components'!$A$2:$A$20,0))),"") | I64: =IF(H64="","",G64*H64) | J64: NEW - create SKU
A65: Before the Night Shift — Mom-to-Be Gift Box | B65: NS-005 | C65: Default | D65: white large | E65: Cozy socks | F65: ACC-NS-SOCKS | G65: 1 | H65: =IFERROR(IF(INDEX('New Components'!$E$2:$E$20,MATCH(F65,'New Components'!$A$2:$A$20,0))="","",INDEX('New Components'!$E$2:$E$20,MATCH(F65,'New Components'!$A$2:$A$20,0))),"") | I65: =IF(H65="","",G65*H65) | J65: NEW - create SKU
A66: Before the Night Shift — Mom-to-Be Gift Box | B66: NS-005 | C66: Default | D66: white large | E66: Tot Tote Stroller Organizer and Crossbody Diaper Bag | F66: SA-005 | G66: 1 | H66: 7.23 | I66: =IF(H66="","",G66*H66) -> 7.23 | J66: Lil & Mil
A67: Before the Night Shift — Mom-to-Be Gift Box | B67: NS-005 | C67: Default | D67: white large | E67: White Bounty Basket Box | F67: PKG-100 | G67: 1 | H67: 4.58 | I67: =IF(H67="","",G67*H67) -> 4.58 | J67: Existing
A68: Before the Night Shift — Mom-to-Be Gift Box | B68: NS-005 | C68: Default | D68: white large | E68: Krinkle Cut Fill | F68: PKG-059 | G68: 1 | H68: 0.5 | I68: =IF(H68="","",G68*H68) -> 0.5 | J68: Existing
A69: Before the Night Shift — Mom-to-Be Gift Box | B69: NS-005 | C69: Default | D69: white large | E69: Large Backer Boards | F69: PKG-002 | G69: 1 | H69: 0.25 | I69: =IF(H69="","",G69*H69) -> 0.25 | J69: Existing
A70: Before the Night Shift — Mom-to-Be Gift Box | B70: NS-005 | C70: Default | D70: white large | E70: medium Shrink Wrap Bags | F70: PKG-063 | G70: 1 | H70: 0.33 | I70: =IF(H70="","",G70*H70) -> 0.33 | J70: Existing
A71: Graveyard Shift Survival Kit — New Dad Gift | B71: NS-006 | C71: Booze-free | D71: black large | E71: Country Archer Original Beef Jerky | F71: FD-026 | G71: 2 | H71: 4.58 | I71: =IF(H71="","",G71*H71) -> 9.16 | J71: Existing
A72: Graveyard Shift Survival Kit — New Dad Gift | B72: NS-006 | C72: Booze-free | D72: black large | E72: Craft root beer 12oz | F72: MXR-NS-ROOTBEER | G72: 2 | H72: =IFERROR(IF(INDEX('New Components'!$E$2:$E$20,MATCH(F72,'New Components'!$A$2:$A$20,0))="","",INDEX('New Components'!$E$2:$E$20,MATCH(F72,'New Components'!$A$2:$A$20,0))),"") | I72: =IF(H72="","",G72*H72) | J72: NEW - create SKU
A73: Graveyard Shift Survival Kit — New Dad Gift | B73: NS-006 | C73: Booze-free | D73: black large | E73: Stroller Clips for Bags - 2 Pack | F73: SA-002 | G73: 1 | H73: 5 | I73: =IF(H73="","",G73*H73) -> 5 | J73: Lil & Mil
A74: Graveyard Shift Survival Kit — New Dad Gift | B74: NS-006 | C74: Booze-free | D74: black large | E74: Car Seat Travel Belt for Luggage | F74: TA-001 | G74: 1 | H74: 3.52 | I74: =IF(H74="","",G74*H74) -> 3.52 | J74: Lil & Mil
A75: Graveyard Shift Survival Kit — New Dad Gift | B75: NS-006 | C75: Booze-free | D75: black large | E75: Tot Tote Stroller Organizer and Crossbody Diaper Bag | F75: SA-005 | G75: 1 | H75: 7.23 | I75: =IF(H75="","",G75*H75) -> 7.23 | J75: Lil & Mil
A76: Graveyard Shift Survival Kit — New Dad Gift | B76: NS-006 | C76: Booze-free | D76: black large | E76: Large black gift box (confirm SKU) | F76: PKG-BOX-BLACK-L | G76: 1 | H76: =IFERROR(IF(INDEX('New Components'!$E$2:$E$20,MATCH(F76,'New Components'!$A$2:$A$20,0))="","",INDEX('New Components'!$E$2:$E$20,MATCH(F76,'New Components'!$A$2:$A$20,0))),"") | I76: =IF(H76="","",G76*H76) | J76: Confirm SKU
A77: Graveyard Shift Survival Kit — New Dad Gift | B77: NS-006 | C77: Booze-free | D77: black large | E77: Krinkle Cut Fill | F77: PKG-059 | G77: 1 | H77: 0.5 | I77: =IF(H77="","",G77*H77) -> 0.5 | J77: Existing
A78: Graveyard Shift Survival Kit — New Dad Gift | B78: NS-006 | C78: Booze-free | D78: black large | E78: Large Backer Boards | F78: PKG-002 | G78: 1 | H78: 0.25 | I78: =IF(H78="","",G78*H78) -> 0.25 | J78: Existing
A79: Graveyard Shift Survival Kit — New Dad Gift | B79: NS-006 | C79: Booze-free | D79: black large | E79: medium Shrink Wrap Bags | F79: PKG-063 | G79: 1 | H79: 0.33 | I79: =IF(H79="","",G79*H79) -> 0.33 | J79: Existing
A80: Graveyard Shift Survival Kit — New Dad Gift | B80: NS-006-ALC | C80: With craft beer | D80: black large | E80: Country Archer Original Beef Jerky | F80: FD-026 | G80: 2 | H80: 4.58 | I80: =IF(H80="","",G80*H80) -> 9.16 | J80: Existing
A81: Graveyard Shift Survival Kit — New Dad Gift | B81: NS-006-ALC | C81: With craft beer | D81: black large | E81: Stroller Clips for Bags - 2 Pack | F81: SA-002 | G81: 1 | H81: 5 | I81: =IF(H81="","",G81*H81) -> 5 | J81: Lil & Mil
A82: Graveyard Shift Survival Kit — New Dad Gift | B82: NS-006-ALC | C82: With craft beer | D82: black large | E82: Car Seat Travel Belt for Luggage | F82: TA-001 | G82: 1 | H82: 3.52 | I82: =IF(H82="","",G82*H82) -> 3.52 | J82: Lil & Mil
A83: Graveyard Shift Survival Kit — New Dad Gift | B83: NS-006-ALC | C83: With craft beer | D83: black large | E83: Tot Tote Stroller Organizer and Crossbody Diaper Bag | F83: SA-005 | G83: 1 | H83: 7.23 | I83: =IF(H83="","",G83*H83) -> 7.23 | J83: Lil & Mil
A84: Graveyard Shift Survival Kit — New Dad Gift | B84: NS-006-ALC | C84: With craft beer | D84: black large | E84: Craft beer (pick Brew Hunters SKU) | F84: BEER-TBD | G84: 2 | H84: =IFERROR(IF(INDEX('New Components'!$E$2:$E$20,MATCH(F84,'New Components'!$A$2:$A$20,0))="","",INDEX('New Components'!$E$2:$E$20,MATCH(F84,'New Components'!$A$2:$A$20,0))),"") | I84: =IF(H84="","",G84*H84) | J84: NEW - create SKU
A85: Graveyard Shift Survival Kit — New Dad Gift | B85: NS-006-ALC | C85: With craft beer | D85: black large | E85: Large black gift box (confirm SKU) | F85: PKG-BOX-BLACK-L | G85: 1 | H85: =IFERROR(IF(INDEX('New Components'!$E$2:$E$20,MATCH(F85,'New Components'!$A$2:$A$20,0))="","",INDEX('New Components'!$E$2:$E$20,MATCH(F85,'New Components'!$A$2:$A$20,0))),"") | I85: =IF(H85="","",G85*H85) | J85: Confirm SKU
A86: Graveyard Shift Survival Kit — New Dad Gift | B86: NS-006-ALC | C86: With craft beer | D86: black large | E86: Krinkle Cut Fill | F86: PKG-059 | G86: 1 | H86: 0.5 | I86: =IF(H86="","",G86*H86) -> 0.5 | J86: Existing
A87: Graveyard Shift Survival Kit — New Dad Gift | B87: NS-006-ALC | C87: With craft beer | D87: black large | E87: Large Backer Boards | F87: PKG-002 | G87: 1 | H87: 0.25 | I87: =IF(H87="","",G87*H87) -> 0.25 | J87: Existing
A88: Graveyard Shift Survival Kit — New Dad Gift | B88: NS-006-ALC | C88: With craft beer | D88: black large | E88: medium Shrink Wrap Bags | F88: PKG-063 | G88: 1 | H88: 0.33 | I88: =IF(H88="","",G88*H88) -> 0.33 | J88: Existing
A89: Nightcap — First-Time Dad Gift | B89: NS-007 | C89: Booze-free | D89: black small | E89: Santa Barbara Roasting Co Coffee | F89: FD-086 | G89: 1 | H89: 3.1 | I89: =IF(H89="","",G89*H89) -> 3.1 | J89: Existing
A90: Nightcap — First-Time Dad Gift | B90: NS-007 | C90: Booze-free | D90: black small | E90: Rocks Glass | F90: ACC-025 | G90: 1 | H90: 1.42 | I90: =IF(H90="","",G90*H90) -> 1.42 | J90: Existing
A91: Nightcap — First-Time Dad Gift | B91: NS-007 | C91: Booze-free | D91: black small | E91: Country Archer Original Beef Jerky | F91: FD-026 | G91: 1 | H91: 4.58 | I91: =IF(H91="","",G91*H91) -> 4.58 | J91: Existing
A92: Nightcap — First-Time Dad Gift | B92: NS-007 | C92: Booze-free | D92: black small | E92: The Stroller Saver - Stroller Safety Leash | F92: SA-003 | G92: 1 | H92: 4 | I92: =IF(H92="","",G92*H92) -> 4 | J92: Lil & Mil
A93: Nightcap — First-Time Dad Gift | B93: NS-007 | C93: Booze-free | D93: black small | E93: Small Black Box | F93: PKG-082 | G93: 1 | H93: 1 | I93: =IF(H93="","",G93*H93) -> 1 | J93: Existing
A94: Nightcap — First-Time Dad Gift | B94: NS-007 | C94: Booze-free | D94: black small | E94: Krinkle Cut Fill | F94: PKG-059 | G94: 1 | H94: 0.5 | I94: =IF(H94="","",G94*H94) -> 0.5 | J94: Existing
A95: Nightcap — First-Time Dad Gift | B95: NS-007 | C95: Booze-free | D95: black small | E95: Small Backer Board | F95: PKG-005 | G95: 1 | H95: 0.25 | I95: =IF(H95="","",G95*H95) -> 0.25 | J95: Existing
A96: Nightcap — First-Time Dad Gift | B96: NS-007 | C96: Booze-free | D96: black small | E96: Small Shrink Wrap Bags | F96: PKG-073 | G96: 1 | H96: 0.33 | I96: =IF(H96="","",G96*H96) -> 0.33 | J96: Existing
A97: Nightcap — First-Time Dad Gift | B97: NS-007-ALC | C97: With whiskey | D97: black small | E97: Rocks Glass | F97: ACC-025 | G97: 1 | H97: 1.42 | I97: =IF(H97="","",G97*H97) -> 1.42 | J97: Existing
... A99: Nightcap — First-Time Dad Gift | B99: NS-007-ALC | C99: With whiskey | D99: black small | E99: The Stroller Saver - Stroller Safety Leash | F99: SA-003 | G99: 1 | H99: 4 | I99: =IF(H99="","",G99*H99) -> 4 | J99: Lil & Mil
A100: Nightcap — First-Time Dad Gift | B100: NS-007-ALC | C100: With whiskey | D100: black small | E100: Whiskey (pick BroBasket SKU) | F100: AL-TBD-WHISKEY | G100: 1 | H100: =IFERROR(IF(INDEX('New Components'!$E$2:$E$20,MATCH(F100,'New Components'!$A$2:$A$20,0))="","",INDEX('New Components'!$E$2:$E$20,MATCH(F100,'New Components'!$A$2:$A$20,0))),"") | I100: =IF(H100="","",G100*H100) | J100: NEW - create SKU
A101: Nightcap — First-Time Dad Gift | B101: NS-007-ALC | C101: With whiskey | D101: black small | E101: Small Black Box | F101: PKG-082 | G101: 1 | H101: 1 | I101: =IF(H101="","",G101*H101) -> 1 | J101: Existing
...

Sheet SumTracker Upload
A1: Parent sku | B1: component_sku | C1: quantity
A2: NS-001 | B2: AL-302 | C2: 1
A3: NS-001 | B3: ACC-NS-FLUTE | C3: 1
A4: NS-001 | B4: FD-041 | C4: 1
A5: NS-001 | B5: ACC-NS-MASK | C5: 1
A6: NS-001 | B6: SA-003 | C6: 1
A7: NS-001 | B7: PKG-100 | C7: 1
A8: NS-001 | B8: PKG-059 | C8: 1
A9: NS-001 | B9: PKG-005 | C9: 1
A10: NS-001 | B10: PKG-073 | C10: 1
A11: NS-001-ALC | B11: ACC-NS-FLUTE | C11: 1
A12: NS-001-ALC | B12: FD-041 | C12: 1
A13: NS-001-ALC | B13: ACC-NS-MASK | C13: 1
... A169: NS-013 | B169: PKG-073 | C169: 1

Sheet Price Worksheet
A1: Parent sku | B1: Parent Name | C1: Variant | D1: Known Cost ($) | E1: Components Missing Cost | F1: Target Margin | G1: Suggested Price ($) | H1: Your Price ($) | I1: Margin at Your Price
A2: NS-001 | B2: Midnight Toast — Push Present Gift Set | C2: Booze-free | D2: =SUMIFS('Night Shift Master Bundles'!$I$2:$I$169,'Night Shift Master Bundles'!$B$2:$B$169,A2) -> 21.66 | E2: =COUNTIFS('Night Shift Master Bundles'!$B$2:$B$169,A2,'Night Shift Master Bundles'!$H$2:$H$169,"") -> 2 | F2: 0.6 | G2: =IF(E2>0,"Fill costs first",IF(F2>=1,"",CEILING(D2/(1-F2),1)-0.05)) -> Fill costs first | I2: =IF(OR(H2="",H2=0),"",(H2-D2)/H2)
A3: NS-001-ALC | B3: Midnight Toast — Push Present Gift Set | C3: With sparkling wine | D3: =SUMIFS('Night Shift Master Bundles'!$I$2:$I$169,'Night Shift Master Bundles'!$B$2:$B$169,A3) -> 29.44 | E3: =COUNTIFS('Night Shift Master Bundles'!$B$2:$B$169,A3,'Night Shift Master Bundles'!$H$2:$H$169,"") -> 2 | F3: 0.6 | G3: =IF(E3>0,"Fill costs first",IF(F3>=1,"",CEILING(D3/(1-F3),1)-0.05)) -> Fill costs first | I3: =IF(OR(H3="",H3=0),"",(H3-D3)/H3)
A4: NS-002 | B4: Off the Clock — Gifts for New Moms (Not for the Baby) | C4: Booze-free | D4: =SUMIFS('Night Shift Master Bundles'!$I$2:$I$169,'Night Shift Master Bundles'!$B$2:$B$169,A4) -> 25 | E4: =COUNTIFS('Night Shift Master Bundles'!$B$2:$B$169,A4,'Night Shift Master Bundles'!$H$2:$H$169,"") -> 1 | F4: 0.6 | G4: =IF(E4>0,"Fill costs first",IF(F4>=1,"",CEILING(D4/(1-F4),1)-0.05)) -> Fill costs first | I4: =IF(OR(H4="",H4=0),"",(H4-D4)/H4)
A5: NS-002-ALC | B5: Off the Clock — Gifts for New Moms (Not for the Baby) | C5: With wine | D5: =SUMIFS('Night Shift Master Bundles'!$I$2:$I$169,'Night Shift Master Bundles'!$B$2:$B$169,A5) -> 37.08 | E5: =COUNTIFS('Night Shift Master Bundles'!$B$2:$B$169,A5,'Night Shift Master Bundles'!$H$2:$H$169,"") -> 1 | F5: 0.6 | G5: =IF(E5>0,"Fill costs first",IF(F5>=1,"",CEILING(D5/(1-F5),1)-0.05)) -> Fill costs first | I5: =IF(OR(H5="",H5=0),"",(H5-D5)/H5)
A6: NS-003 | B6: Recovery Shift — Postpartum Care Package | C6: Default | D6: =SUMIFS('Night Shift Master Bundles'!$I$2:$I$169,'Night Shift Master Bundles'!$B$2:$B$169,A6) -> 13.57 | E6: =COUNTIFS('Night Shift Master Bundles'!$B$2:$B$169,A6,'Night Shift Master Bundles'!$H$2:$H$169,"") -> 4 | F6: 0.6 | G6: =IF(E6>0,"Fill costs first",IF(F6>=1,"",CEILING(D6/(1-F6),1)-0.05)) -> Fill costs first | I6: =IF(OR(H6="",H6=0),"",(H6-D6)/H6)
A7: NS-004 | B7: The 3AM Feed — New Mom Gift Basket | C7: Default | D7: =SUMIFS('Night Shift Master Bundles'!$I$2:$I$169,'Night Shift Master Bundles'!$B$2:$B$169,A7) -> 14.99 | E7: =COUNTIFS('Night Shift Master Bundles'!$B$2:$B$169,A7,'Night Shift Master Bundles'!$H$2:$H$169,"") -> 3 | F7: 0.6 | G7: =IF(E7>0,"Fill costs first",IF(F7>=1,"",CEILING(D7/(1-F7),1)-0.05)) -> Fill costs first | I7: =IF(OR(H7="",H7=0),"",(H7-D7)/H7)
A8: NS-005 | B8: Before the Night Shift — Mom-to-Be Gift Box | C8: Default | D8: =SUMIFS('Night Shift Master Bundles'!$I$2:$I$169,'Night Shift Master Bundles'!$B$2:$B$169,A8) -> 15.39 | E8: =COUNTIFS('Night Shift Master Bundles'!$B$2:$B$169,A8,'Night Shift Master Bundles'!$H$2:$H$169,"") -> 3 | F8: 0.6 | G8: =IF(E8>0,"Fill costs first",IF(F8>=1,"",CEILING(D8/(1-F8),1)-0.05)) -> Fill costs first | I8: =IF(OR(H8="",H8=0),"",(H8-D8)/H8)
A9: NS-006 | B9: Graveyard Shift Survival Kit — New Dad Gift | C9: Booze-free | D9: =SUMIFS('Night Shift Master Bundles'!$I$2:$I$169,'Night Shift Master Bundles'!$B$2:$B$169,A9) -> 25.99 | E9: =COUNTIFS('Night Shift Master Bundles'!$B$2:$B$169,A9,'Night Shift Master Bundles'!$H$2:$H$169,"") -> 2 | F9: 0.6 | G9: =IF(E9>0,"Fill costs first",IF(F9>=1,"",CEILING(D9/(1-F9),1)-0.05)) -> Fill costs first | I9: =IF(OR(H9="",H9=0),"",(H9-D9)/H9)
A10: NS-006-ALC | B10: Graveyard Shift Survival Kit — New Dad Gift | C10: With craft beer | D10: =SUMIFS('Night Shift Master Bundles'!$I$2:$I$169,'Night Shift Master Bundles'!$B$2:$B$169,A10) -> 25.99 | E10: =COUNTIFS('Night Shift Master Bundles'!$B$2:$B$169,A10,'Night Shift Master Bundles'!$H$2:$H$169,"") -> 2 | F10: 0.6 | G10: =IF(E10>0,"Fill costs first",IF(F10>=1,"",CEILING(D10/(1-F10),1)-0.05)) -> Fill costs first | I10: =IF(OR(H10="",H10=0),"",(H10-D10)/H10)
A11: NS-007 | B11: Nightcap — First-Time Dad Gift | C11: Booze-free | D11: =SUMIFS('Night Shift Master Bundles'!$I$2:$I$169,'Night Shift Master Bundles'!$B$2:$B$169,A11) -> 15.18 | E11: =COUNTIFS('Night Shift Master Bundles'!$B$2:$B$169,A11,'Night Shift Master Bundles'!$H$2:$H$169,"") -> 0 | F11: 0.6 | G11: =IF(E11>0,"Fill costs first",IF(F11>=1,"",CEILING(D11/(1-F11),1)-0.05)) -> 37.95 | I11: =IF(OR(H11="",H11=0),"",(H11-D11)/H11)
A12: NS-007-ALC | B12: Nightcap — First-Time Dad Gift | C12: With whiskey | D12: =SUMIFS('Night Shift Master Bundles'!$I$2:$I$169,'Night Shift Master Bundles'!$B$2:$B$169,A12) -> 12.08 | E12: =COUNTIFS('Night Shift Master Bundles'!$B$2:$B$169,A12,'Night Shift Master Bundles'!$H$2:$H$169,"") -> 1 | F12: 0.6 | G12: =IF(E12>0,"Fill costs first",IF(F12>=1,"",CEILING(D12/(1-F12),1)-0.05)) -> Fill costs first | I12: =IF(OR(H12="",H12=0),"",(H12-D12)/H12)
A13: NS-008 | B13: Night Shift Dad — Diaper Duty Gift Pack | C13: Default | D13: =SUMIFS('Night Shift Master Bundles'!$I$2:$I$169,'Night Shift Master Bundles'!$B$2:$B$169,A13) -> 20.31 | E13: =COUNTIFS('Night Shift Master Bundles'!$B$2:$B$169,A13,'Night Shift Master Bundles'!$H$2:$H$169,"") -> 1 | F13: 0.6 | G13: =IF(E13>0,"Fill costs first",IF(F13>=1,"",CEILING(D13/(1-F13),1)-0.05)) -> Fill costs first | I13: =IF(OR(H13="",H13=0),"",(H13-D13)/H13)
... A19: NS-013 | B19: Double Shift — Mom & Baby Gift Set | C19: Default | D19: =SUMIFS('Night Shift Master Bundles'!$I$2:$I$169,'Night Shift Master Bundles'!$B$2:$B$169,A19) -> 24.76 | E19: =COUNTIFS('Night Shift Master Bundles'!$B$2:$B$169,A19,'Night Shift Master Bundles'!$H$2:$H$169,"") -> 0 | F19: 0.6 | G19: =IF(E19>0,"Fill costs first",IF(F19>=1,"",CEILING(D19/(1-F19),1)-0.05)) -> 61.95 | I19: =IF(OR(H19="",H19=0),"",(H19-D19)/H19)

Sheet New Components
A1: component_sku | B1: Component Name | C1: Status | D1: Used in (parent skus) | E1: Unit Cost ($) | F1: Notes
A2: ACC-GAME-CARDS | B2: Card / Mini Game Set | C2: Placeholder - not in SumTracker | D2: NS-009, NS-009-ALC | F2: Listed in the Bounty sheet but not in SumTracker
A3: ACC-MUG-PAIR | B3: Ceramic Mug Pair | C3: Placeholder - not in SumTracker | D3: NS-010 | F3: Listed in the Bounty sheet but not in SumTracker
A4: ACC-NS-BELLYBUTTER | B4: Belly butter | C4: NEW - create SKU | D4: NS-005
A5: ACC-NS-BIBS | B5: Baby bibs (2pk) | C5: NEW - create SKU | D5: NS-012
A6: ACC-NS-BOARDBOOK | B6: Baby board book | C6: NEW - create SKU | D6: NS-012
A7: ACC-NS-DRYSHAMPOO | B7: Dry shampoo | C7: NEW - create SKU | D7: NS-003
A8: ACC-NS-FLUTE | B8: Champagne flute (engravable) | C8: NEW - create SKU | D8: NS-001, NS-001-ALC
A9: ACC-NS-LIPBALM | B9: Lip balm | C9: NEW - create SKU | D9: NS-003
A10: ACC-NS-MASK | B10: Silk sleep mask | C10: NEW - create SKU | D10: NS-001, NS-001-ALC
A11: ACC-NS-NIGHTLIGHT | B11: Portable night-light | C11: NEW - create SKU | D11: NS-004
A12: ACC-NS-ROBE | B12: Soft throw or robe | C12: NEW - create SKU | D12: NS-003
A13: ACC-NS-SOCKS | B13: Cozy socks | C13: NEW - create SKU | D13: NS-002, NS-002-ALC, NS-005
A14: ACC-NS-TUMBLER | B14: Insulated tumbler | C14: NEW - create SKU | D14: NS-003, NS-004
A15: AL-TBD-WHISKEY | B15: Whiskey (pick BroBasket SKU) | C15: NEW - create SKU | D15: NS-007-ALC
... A19: MXR-NS-ROOTBEER | B19: Craft root beer 12oz | C19: NEW - create SKU | D19: NS-006
A20: PKG-BOX-BLACK-L | B20: Large black gift box (confirm SKU) | C20: Confirm SKU | D20: NS-006, NS-006-ALC, NS-008 | F20: You stock this already — replace with the real SKU in recipes.json

Sheet Open Flags
A1: Check | B1: Detail
A2: Packaging SKUs to confirm | B2: Every basket uses PKG-059 Krinkle Cut Fill ($0.50) — one fill SKU regardless of color (James, Sep 16). Small black box = PKG-082. The large black box exists in SumTracker but its SKU was not in the Bounty or BroBasket sheets: placeholder PKG-BOX-BLACK-L until confirmed.
A3: Box size | B3: White baskets use PKG-100 White Bounty Basket Box ($4.58). NS-003, NS-005 and NS-011 carry the Tot Tote or a robe — confirm PKG-100 fits or add a larger white box SKU. Dad baskets NS-006 and NS-008 need the large black box; NS-007 uses PKG-082 Small Black Box ($1.00).
A4: Couples baskets | B4: NS-009 Lights Out Date Night and NS-010 The Morning After are packed white. Switch them to black in recipes.json if you'd rather.
A5: Lil & Mil SKUs in SumTracker | B5: SA-003, SA-002, SA-005, TA-001, 2000, 1010 must exist in SumTracker with correct stock before uploading recipes.
A6: Alcohol variants (-ALC) | B6: Upload -ALC recipes only once it is decided which store sells alcohol baskets. BEER-TBD and AL-TBD-WHISKEY need real SKUs.
A7: Zero-proof sparkling | B7: AL-302 Fre Sparkling Brut Alcohol Removed ($9.00) in NS-001 and NS-009.
A8: Pregnancy-safe items (NS-005) | B8: ACC-203 face mask is in the Mom-to-Be box — confirm it is suitable in pregnancy.
A9: Cup and plate colors | B9: Recipes use Black (2000 cup, 1010 plates). Only ~39 plate sets remain.
A10: Bounty placeholders reused | B10: ACC-GAME-CARDS (NS-009) and ACC-MUG-PAIR (NS-010) are in the Bounty sheet but not in SumTracker.
